study_hours,attendance,gpa,pass
4.97,0.55,3.3,0
5.81,0.23,5.5,0
15.23,0.97,7.42,1
11.56,0.89,8.32,1
2.08,0.14,3.44,0
15.41,0.66,7.61,1
19.38,0.7,7.1,1
2.29,0.1,5.73,0
5.39,0.37,1.4,0
5.32,0.13,1.67,0
6.63,0.76,8.09,1
1.51,0.48,1.63,0
11.92,0.99,9.51,1
0.9,0.57,4.6,0
2.93,0.55,2.34,0
10.51,0.92,9.63,1
5.76,0.47,2.02,0
9.94,0.91,6.62,1
8.89,0.8,8.32,1
2.91,0.48,0.66,0
12.64,0.78,7.79,1
1.76,0.12,6.27,0
1.69,0.25,1.17,0
1.39,0.37,5.98,0
14.92,0.85,9.64,1
6.21,0.93,7.6,1
10.98,0.76,8.95,1
6.11,0.95,7.99,1
5.34,0.37,6.01,0
14.24,0.75,6.5,1
16.23,0.77,6.65,1
11.57,0.71,8.22,1
7.17,0.91,6.64,1
2.54,0.29,5.24,0
18.03,0.81,8.44,1
11.69,0.72,7.07,1
14.57,0.71,9.69,1
4.71,0.57,0.16,0
12.89,0.97,9.41,1
3.83,0.22,2.45,0
6.15,0.98,8.99,1
5.09,0.58,1.98,0
1.47,0.25,4.64,0
5.54,0.2,5.81,0
8.84,0.88,9.8,1
1.32,0.15,0.34,0
6.79,0.57,5.62,0
15.47,0.83,8.93,1
4.85,0.45,3.72,0
1.17,0.54,0.86,0
2.83,0.37,6.0,0
13.4,0.87,8.53,1
5.83,0.26,2.85,0
17.27,0.8,8.64,1
11.42,0.68,7.16,1
2.86,0.13,5.49,0
19.75,0.8,9.08,1
8.21,0.86,6.69,1
0.71,0.59,1.46,0
2.22,0.33,3.22,0
15.18,1.0,8.89,1
15.2,0.9,9.72,1
1.57,0.58,2.51,0
6.83,0.89,8.01,1
7.03,0.67,9.07,1
3.38,0.43,4.76,0
18.97,0.98,6.82,1
19.62,0.96,6.95,1
0.53,0.14,5.99,0
10.95,0.86,7.78,1
3.57,0.34,3.25,0
4.79,0.47,6.13,0
3.89,0.54,4.25,0
6.25,0.11,1.1,0
8.06,0.89,8.91,1
1.12,0.14,3.57,0
6.07,0.49,6.18,0
5.71,0.23,5.25,0
7.89,0.84,9.56,1
15.35,0.96,7.29,1
1.35,0.53,4.69,0
5.64,0.53,6.31,0
14.99,0.85,6.87,1
12.89,0.76,9.89,1
12.94,0.89,9.59,1
13.33,0.67,9.42,1
13.14,0.83,9.47,1
4.91,0.51,2.02,0
3.02,0.14,4.1,0
5.68,0.3,1.49,0
16.22,0.7,7.27,1
7.44,0.79,8.27,1
1.31,0.44,5.9,0
15.06,0.78,9.32,1
3.35,0.28,2.79,0
7.73,0.91,7.48,1
3.48,0.14,6.37,0
6.1,0.93,8.81,1
15.61,0.72,8.41,1
3.54,0.56,3.65,0
8.74,0.97,8.34,1
19.97,0.99,9.2,1
13.48,0.77,7.04,1
6.22,0.14,5.86,0
3.49,0.11,5.23,0
0.83,0.2,3.09,0
2.62,0.57,2.56,0
18.13,0.78,7.41,1
6.17,0.98,9.39,1
19.47,0.97,6.66,1
9.06,0.92,7.1,1
3.05,0.18,0.15,0
1.1,0.17,1.52,0
6.31,0.71,8.77,1
6.42,0.18,4.94,0
6.32,0.46,3.35,0
11.06,0.77,9.4,1
2.04,0.5,1.46,0
1.98,0.47,3.96,0
6.42,0.8,9.86,1
14.55,0.66,9.1,1
3.69,0.52,3.39,0
4.13,0.12,4.36,0
8.11,0.76,8.73,1
16.25,0.97,9.59,1
2.35,0.2,2.02,0
2.45,0.15,2.64,0
14.91,0.89,8.76,1
14.9,0.67,9.74,1
3.52,0.28,6.37,0
5.37,0.47,5.68,0
15.25,0.88,9.63,1
5.42,0.16,0.27,0
4.29,0.57,0.04,0
2.57,0.39,1.52,0
1.57,0.52,0.66,0
5.18,0.37,0.94,0
7.35,0.95,9.55,1
5.95,0.46,5.72,0
19.28,0.95,7.2,1
15.8,0.65,7.31,1
3.87,0.44,3.74,0
4.05,0.53,5.44,0
14.22,0.84,6.81,1
10.15,0.68,7.19,1
5.97,0.14,4.02,0
11.6,0.84,9.26,1
3.37,0.52,5.21,0
6.95,0.73,8.69,1
13.74,0.7,7.12,1
5.83,0.21,0.01,0
4.5,0.1,5.45,0
3.39,0.53,3.64,0
4.76,0.58,5.28,0
9.57,0.9,8.64,1
10.54,0.84,7.66,1
1.0,0.18,1.12,0
0.98,0.19,4.31,0
6.19,0.98,8.33,1
4.83,0.22,5.9,0
2.65,0.54,3.86,0
17.82,0.92,8.44,1
14.96,0.91,8.86,1
4.64,0.57,4.05,0
17.55,0.89,9.2,1
6.56,0.11,2.72,0
13.79,0.86,8.06,1
12.36,0.79,8.35,1
2.5,0.16,3.99,0
6.63,0.5,0.27,0
16.62,0.95,8.22,1
12.65,0.69,7.81,1
18.74,0.98,7.16,1
14.55,0.82,8.9,1
7.05,0.7,7.62,1
12.49,0.7,7.84,1
3.05,0.51,0.35,0
3.6,0.55,2.66,0
19.43,0.93,7.3,1
7.24,0.82,6.79,1
9.94,0.68,6.98,1
4.36,0.44,2.68,0
5.5,0.41,4.98,0
17.08,0.83,7.68,1
13.2,0.82,8.07,1
0.8,0.5,4.45,0
5.7,0.46,2.68,0
5.94,0.13,3.01,0
2.4,0.39,0.03,0
14.78,0.78,8.34,1
11.02,0.9,7.8,1
2.43,0.53,2.85,0
3.33,0.42,5.43,0
6.07,0.39,0.04,0
9.86,0.97,8.23,1
9.98,0.95,9.73,1
1.7,0.44,5.77,0
8.43,0.75,9.05,1
19.02,0.95,6.67,1
17.12,0.87,9.65,1
12.12,0.74,7.17,1
6.17,0.67,6.71,1
11.57,0.83,9.57,1
10.11,0.73,8.29,1
1.97,0.27,0.63,0
5.75,0.45,1.42,0
3.75,0.51,4.39,0
9.02,0.75,7.51,1
6.74,0.54,6.21,0
11.97,0.7,6.88,1
4.11,0.4,0.58,0
19.49,0.66,7.01,1
3.41,0.13,4.95,0
13.13,0.85,7.24,1
17.96,0.78,8.27,1
11.81,0.73,7.88,1
18.6,0.69,9.72,1
18.32,0.73,8.06,1
7.06,0.88,8.26,1
6.17,0.3,2.99,0
1.48,0.34,4.5,0
14.87,0.85,8.17,1
10.32,0.79,7.68,1
17.56,0.89,7.45,1
15.11,0.88,9.59,1
5.35,0.21,3.1,0
5.01,0.21,6.13,0
3.3,0.19,3.43,0
6.22,0.18,3.43,0
4.76,0.32,2.13,0
1.58,0.51,5.71,0
2.87,0.26,0.09,0
8.06,0.9,9.26,1
3.31,0.14,5.83,0
3.57,0.47,3.82,0
4.9,0.33,3.34,0
11.89,0.66,8.82,1
4.72,0.22,5.29,0
14.88,0.91,7.06,1
12.3,0.72,7.95,1
8.93,0.72,9.06,1
4.97,0.23,0.79,0
1.64,0.3,0.06,0
6.64,0.58,0.42,0
2.52,0.31,2.03,0
13.42,0.95,8.27,1
7.55,0.95,7.99,1
4.79,0.39,6.14,0
4.71,0.49,1.96,0
2.86,0.2,3.7,0
3.2,0.11,5.39,0
1.1,0.44,3.05,0
6.8,0.42,5.86,0
6.85,0.89,7.32,1
2.63,0.47,4.23,0
5.69,0.46,0.3,0
3.14,0.14,1.65,0
19.3,0.8,7.28,1
18.24,0.81,7.9,1
11.28,0.71,8.83,1
6.96,0.29,0.9,0
18.12,0.73,9.16,1
1.41,0.26,2.09,0
16.32,1.0,8.23,1
3.63,0.24,3.03,0
4.6,0.54,3.83,0
18.98,0.97,6.89,1
18.63,0.8,9.36,1
8.83,0.79,9.23,1
5.61,0.1,5.59,0
16.88,0.77,8.0,1
5.46,0.4,0.56,0
10.37,0.87,8.65,1
13.41,0.7,9.53,1
2.56,0.41,4.65,0
8.48,0.77,8.83,1
4.83,0.2,0.14,0
2.79,0.39,3.4,0
8.33,0.77,8.92,1
13.99,0.94,6.61,1
0.54,0.16,5.06,0
17.43,0.89,9.45,1
2.52,0.47,4.56,0
3.01,0.6,1.51,0
9.9,0.88,9.09,1
6.6,0.22,0.08,0
9.28,0.7,9.55,1
8.82,0.94,8.78,1
14.12,0.87,9.51,1
5.47,0.56,5.41,0
9.3,0.75,6.73,1
16.12,0.78,9.75,1
0.83,0.3,3.67,0
6.91,0.3,2.38,0
5.53,0.31,3.13,0
5.74,0.23,2.92,0
18.51,0.67,8.32,1
18.63,0.81,6.61,1
16.84,0.78,8.45,1
5.01,0.33,5.89,0
